{
  "mean": [
    30.15708351135254,
    1.6088032722473145,
    2.5881705284118652,
    0.8502963781356812,
    0.5220096111297607,
    0.01959907077252865,
    0.08537037670612335,
    1.005226969718933,
    0.03215479850769043,
    0.09185240417718887,
    0.0442313477396965,
    0.010114070028066635,
    0.02020273730158806,
    0.027911949902772903,
    0.955494225025177,
    0.0,
    0.9882895350456238,
    0.039664387702941895,
    0.03304627910256386,
    4.70824670791626,
    3.2951478958129883,
    725706.0,
    180518.703125,
    906216.25,
    477283.21875,
    413.72821044921875,
    2.8822665214538574,
    3.151845932006836,
    0.981820821762085,
    0.018179189413785934,
    0.02309945970773697,
    0.9734125733375549,
    0.0034884049091488123
  ],
  "std": [
    20.264705657958984,
    0.537382960319519,
    10.37204360961914,
    0.16102108359336853,
    0.7046793103218079,
    0.13060852885246277,
    0.25622719526290894,
    0.1823820173740387,
    0.12838663160800934,
    0.2783850431442261,
    0.1771780401468277,
    0.0727127343416214,
    0.10683809220790863,
    0.11584999412298203,
    0.17789854109287262,
    1.0,
    0.09770912677049637,
    0.15306146442890167,
    0.1315843015909195,
    81.8210678100586,
    80.48782348632812,
    29901738.0,
    3636550.5,
    30117666.0,
    28748166.0,
    23840.1640625,
    2.077148675918579,
    1.787263035774231,
    0.11475195735692978,
    0.11475195735692978,
    0.11466161906719208,
    0.1284237504005432,
    0.036573346704244614
  ]
}
